0.016180339980948588,-17.84728484742724,-46.6986181640625,0
0.01618033985180014,-17.834924167594487,-46.6986181640625,0
0.01618033985180014,17.834924167594487,-46.6986181640625,0
0.016180339980947995,17.84728484742724,-46.6986181640625,0
-0.016180339980947995,17.84728484742724,-46.6986181640625,0
-0.016180339980947995,-17.814924167465342,-46.6986181640625,0
-0.01618033985180014,-17.834924167594487,-46.6986181640625,0
-0.016180339980947995,-17.84728484742724,-46.6986181640625,0
0.016180339980947995,-17.84728484742724,-46.6986181640625,0
2.3455737910658137,-18.73703398088515,-45.258973846435545,1
2.345573772343971,-16.945175052729272,-45.258973846435545,1
2.345573772343971,16.945175052729272,-45.258973846435545,1
2.3455737910658163,18.73703398088515,-45.258973846435545,1
-2.3455737910658163,18.73703398088515,-45.258973846435545,1
-2.3455737910658163,-14.045886398753517,-45.258973846435545,1
-2.345573772343971,-16.945175052729272,-45.258973846435545,1
-2.3455737910658163,-18.73703398088515,-45.258973846435545,1
2.3455737910658163,-18.73703398088515,-45.258973846435545,1
4.707327922112579,-19.63914379430496,-43.79932952880859,2
4.707327884539742,-16.043065258160457,-43.79932952880859,2
4.707327884539742,16.043065258160457,-43.79932952880859,2
4.70732792211258,19.63914379430496,-43.79932952880859,2
-4.70732792211258,19.63914379430496,-43.79932952880859,2
-4.70732792211258,-10.224487950079801,-43.79932952880859,2
-4.707327884539742,-16.043065258160457,-43.79932952880859,2
-4.70732792211258,-19.63914379430496,-43.79932952880859,2
4.70732792211258,-19.63914379430496,-43.79932952880859,2
7.069082053159345,-20.541253607724773,-42.33968521118164,3
7.0690819967355125,-15.140955463591638,-42.33968521118164,3
7.0690819967355125,15.140955463591638,-42.33968521118164,3
7.069082053159345,20.541253607724773,-42.33968521118164,3
-7.069082053159345,20.541253607724773,-42.33968521118164,3
-7.069082053159345,-6.4030895014060825,-42.33968521118164,3
-7.0690819967355125,-15.140955463591638,-42.33968521118164,3
-7.069082053159345,-20.541253607724773,-42.33968521118164,3
7.069082053159345,-20.541253607724773,-42.33968521118164,3
9.430836184206107,-21.443363421144582,-40.880040893554686,4
9.430836108931285,-14.238845669022819,-40.880040893554686,4
9.430836108931285,14.238845669022819,-40.880040893554686,4
9.43083618420611,21.443363421144582,-40.880040893554686,4
-9.43083618420611,21.443363421144582,-40.880040893554686,4
-9.43083618420611,-2.5816910527323653,-40.880040893554686,4
-9.430836108931285,-14.238845669022819,-40.880040893554686,4
-9.43083618420611,-21.443363421144582,-40.880040893554686,4
9.43083618420611,-21.443363421144582,-40.880040893554686,4
11.792590315252873,-22.345473234564395,-39.42039657592773,5
11.792590221127055,-13.336735874454002,-39.42039657592773,5
11.792590221127055,13.336735874454002,-39.42039657592773,5
11.792590315252873,22.345473234564395,-39.42039657592773,5
-11.792590315252873,22.345473234564395,-39.42039657592773,5
-11.792590315252873,1.2397073959413518,-39.42039657592773,5
-11.792590221127055,-13.336735874454002,-39.42039657592773,5
-11.792590315252873,-22.345473234564395,-39.42039657592773,5
11.792590315252873,-22.345473234564395,-39.42039657592773,5
14.154344446299637,-23.247583047984207,-37.96075225830078,6
14.154344333322825,-12.434626079885184,-37.96075225830078,6
14.154344333322825,12.434626079885184,-37.96075225830078,6
14.154344446299637,23.247583047984207,-37.96075225830078,6
-14.154344446299637,23.247583047984207,-37.96075225830078,6
-14.154344446299637,5.061105844615071,-37.96075225830078,6
-14.154344333322825,-12.434626079885184,-37.96075225830078,6
-14.154344446299637,-23.247583047984207,-37.96075225830078,6
14.154344446299637,-23.247583047984207,-37.96075225830078,6
16.516098577346405,-24.149692861404016,-36.501107940673826,7
16.516098445518598,-11.532516285316365,-36.501107940673826,7
16.516098445518598,11.532516285316365,-36.501107940673826,7
16.5160985773464,24.149692861404016,-36.501107940673826,7
-16.5160985773464,24.149692861404016,-36.501107940673826,7
-16.5160985773464,8.882504293288786,-36.501107940673826,7
-16.516098445518598,-11.532516285316365,-36.501107940673826,7
-16.5160985773464,-24.149692861404016,-36.501107940673826,7
16.5160985773464,-24.149692861404016,-36.501107940673826,7
18.877852708393164,-25.05180267482383,-35.04146362304687,8
18.87785255771437,-10.630406490747546,-35.04146362304687,8
18.87785255771437,10.630406490747546,-35.04146362304687,8
18.877852708393167,25.05180267482383,-35.04146362304687,8
-18.877852708393167,25.05180267482383,-35.04146362304687,8
-18.877852708393167,12.703902741962505,-35.04146362304687,8
-18.87785255771437,-10.630406490747546,-35.04146362304687,8
-18.877852708393167,-25.05180267482383,-35.04146362304687,8
18.877852708393167,-25.05180267482383,-35.04146362304687,8
21.23960683943993,-25.95391248824364,-33.58181930541992,9
21.23960666991014,-9.72829669617873,-33.58181930541992,9
21.23960666991014,9.72829669617873,-33.58181930541992,9
21.239606839439933,25.95391248824364,-33.58181930541992,9
-21.239606839439933,25.95391248824364,-33.58181930541992,9
-21.239606839439933,16.52530119063622,-33.58181930541992,9
-21.23960666991014,-9.72829669617873,-33.58181930541992,9
-21.239606839439933,-25.95391248824364,-33.58181930541992,9
21.239606839439933,-25.95391248824364,-33.58181930541992,9
23.601360970486695,-26.85602230166345,-32.12217498779297,10
23.601360782105907,-8.826186901609912,-32.12217498779297,10
23.601360782105907,8.826186901609912,-32.12217498779297,10
23.601360970486695,26.85602230166345,-32.12217498779297,10
-23.601360970486695,26.85602230166345,-32.12217498779297,10
-23.601360970486695,20.34669963930994,-32.12217498779297,10
-23.601360782105907,-8.826186901609912,-32.12217498779297,10
-23.601360970486695,-26.85602230166345,-32.12217498779297,10
23.601360970486695,-26.85602230166345,-32.12217498779297,10
25.963115101533454,-27.75813211508326,-30.662530670166017,11
25.963114894301675,-7.9240771070410965,-30.662530670166017,11
25.963114894301675,7.9240771070410965,-30.662530670166017,11
25.963115101533454,27.75813211508326,-30.662530670166017,11
-25.963115101533454,27.75813211508326,-30.662530670166017,11
-25.963115101533454,24.16809808798365,-30.662530670166017,11
-25.963114894301675,-7.9240771070410965,-30.662530670166017,11
-25.963115101533454,-27.75813211508326,-30.662530670166017,11
25.963115101533454,-27.75813211508326,-30.662530670166017,11
28.324869232580216,-28.66024192850307,-29.202886352539064,12
28.324869006497444,-7.021967312472279,-29.202886352539064,12
28.324869006497444,7.021967312472279,-29.202886352539064,12
28.32486923258022,28.66024192850307,-29.202886352539064,12
-28.32486923258022,28.66024192850307,-29.202886352539064,12
-28.32486923258022,27.989496536657363,-29.202886352539064,12
-28.324869006497444,-7.021967312472279,-29.202886352539064,12
-28.32486923258022,-28.66024192850307,-29.202886352539064,12
28.32486923258022,-28.66024192850307,-29.202886352539064,12
30.686623325613844,25.924132365914478,-27.74324203491211,13
28.86751365661621,28.86751365661621,-27.74324203491211,13
28.438080105699054,29.562351727403154,-27.74324203491211,13
27.048403964125168,29.562351727403154,-27.74324203491211,13
-28.438080105699054,29.562351727403154,-27.74324203491211,13
-28.86751365661621,28.86751365661621,-27.74324203491211,13
-29.296947201987326,28.172675580283226,-27.74324203491211,13
-30.686623325613844,25.924132365914478,-27.74324203491211,13
-30.686623118693216,-6.11985751790346,-27.74324203491211,13
-30.686623325613844,-25.924132365914478,-27.74324203491211,13
-29.296947201987326,-28.172675580283226,-27.74324203491211,13
-28.86751365661621,-28.86751365661621,-27.74324203491211,13
-28.438080105699054,-29.562351727403154,-27.74324203491211,13
27.048403964125168,-29.562351727403154,-27.74324203491211,13
28.438080105699054,-29.562351727403154,-27.74324203491211,13
29.296947201987326,-28.172675580283226,-27.74324203491211,13
30.686623325613844,-25.924132365914478,-27.74324203491211,13
30.686623118693216,-6.11985751790346,-27.74324203491211,13
30.686623118693216,6.11985751790346,-27.74324203491211,13
30.686623325613844,25.924132365914478,-27.74324203491211,13
33.04837740730807,22.1027339665933,-26.283597717285158,14
28.86751365661621,28.86751365661621,-26.283597717285158,14
27.88054558264092,30.464461521971973,-26.283597717285158,14
24.686649851929396,30.464461521971973,-26.283597717285158,14
-27.88054558264092,30.464461521971973,-26.283597717285158,14
-28.86751365661621,28.86751365661621,-26.283597717285158,14
-29.854481717845022,27.27056577851397,-26.283597717285158,14
-33.04837740730807,22.102733966593302,-26.283597717285158,14
-33.04837723088899,-5.217747723334643,-26.283597717285158,14
-33.04837740730807,-22.102733966593302,-26.283597717285158,14
-29.854481717845022,-27.27056577851397,-26.283597717285158,14
-28.86751365661621,-28.86751365661621,-26.283597717285158,14
-27.88054558264092,-30.464461521971973,-26.283597717285158,14
24.686649851929396,-30.464461521971973,-26.283597717285158,14
27.88054558264092,-30.464461521971973,-26.283597717285158,14
29.854481717845022,-27.27056577851397,-26.283597717285158,14
33.04837740730807,-22.102733966593302,-26.283597717285158,14
33.04837723088899,-5.217747723334643,-26.283597717285158,14
33.04837723088899,5.217747723334643,-26.283597717285158,14
33.04837740730807,22.102733966593302,-26.283597717285158,14
35.41013148900229,18.281335567272126,-24.823953399658205,15
28.86751365661621,28.86751365661621,-24.823953399658205,15
27.323011059582786,31.366571316540792,-24.823953399658205,15
22.324895739733623,31.366571316540792,-24.823953399658205,15
-27.323011059582786,31.366571316540792,-24.823953399658205,15
-28.86751365661621,28.86751365661621,-24.823953399658205,15
-30.41201623370272,26.368455976744713,-24.823953399658205,15
-35.41013148900229,18.281335567272123,-24.823953399658205,15
-35.41013134308476,-4.315637928765824,-24.823953399658205,15
-35.41013148900229,-18.281335567272123,-24.823953399658205,15
-30.41201623370272,-26.368455976744713,-24.823953399658205,15
-28.86751365661621,-28.86751365661621,-24.823953399658205,15
-27.323011059582786,-31.366571316540792,-24.823953399658205,15
22.324895739733623,-31.366571316540792,-24.823953399658205,15
27.323011059582786,-31.366571316540792,-24.823953399658205,15
30.41201623370272,-26.368455976744713,-24.823953399658205,15
35.41013148900229,-18.281335567272123,-24.823953399658205,15
35.41013134308476,-4.315637928765824,-24.823953399658205,15
35.41013134308476,4.315637928765824,-24.823953399658205,15
35.41013148900229,18.281335567272123,-24.823953399658205,15
37.77188557069651,14.459937167950947,-23.36430908203125,16
28.86751365661621,28.86751365661621,-23.36430908203125,16
26.76547653652465,32.26868111110961,-23.36430908203125,16
19.96314162753785,32.26868111110961,-23.36430908203125,16
-26.76547653652465,32.26868111110961,-23.36430908203125,16
-28.86751365661621,28.86751365661621,-23.36430908203125,16
-30.969550749560415,25.466346174975456,-23.36430908203125,16
-37.77188557069651,14.459937167950947,-23.36430908203125,16
-37.77188545528053,-3.4135281341970067,-23.36430908203125,16
-37.77188557069651,-14.459937167950947,-23.36430908203125,16
-30.969550749560415,-25.466346174975456,-23.36430908203125,16
-28.86751365661621,-28.86751365661621,-23.36430908203125,16
-26.76547653652465,-32.26868111110961,-23.36430908203125,16
19.96314162753785,-32.26868111110961,-23.36430908203125,16
26.76547653652465,-32.26868111110961,-23.36430908203125,16
30.969550749560415,-25.466346174975456,-23.36430908203125,16
37.77188557069651,-14.459937167950947,-23.36430908203125,16
37.77188545528053,-3.4135281341970067,-23.36430908203125,16
37.77188545528053,3.4135281341970067,-23.36430908203125,16
37.77188557069651,14.459937167950947,-23.36430908203125,16
40.13363965239074,10.63853876862977,-21.9046647644043,17
28.86751365661621,28.86751365661621,-21.9046647644043,17
26.207942013466514,33.17079090567843,-21.9046647644043,17
17.601387515342083,33.17079090567843,-21.9046647644043,17
-26.207942013466514,33.17079090567843,-21.9046647644043,17
-28.86751365661621,28.86751365661621,-21.9046647644043,17
-31.527085265418112,24.5642363732062,-21.9046647644043,17
-40.13363965239074,10.638538768629772,-21.9046647644043,17
-40.1336395674763,-2.5114183396281895,-21.9046647644043,17
-40.13363965239074,-10.638538768629772,-21.9046647644043,17
-31.527085265418112,-24.5642363732062,-21.9046647644043,17
-28.86751365661621,-28.86751365661621,-21.9046647644043,17
-26.207942013466514,-33.17079090567843,-21.9046647644043,17
17.601387515342083,-33.17079090567843,-21.9046647644043,17
26.207942013466514,-33.17079090567843,-21.9046647644043,17
31.527085265418112,-24.5642363732062,-21.9046647644043,17
40.13363965239074,-10.638538768629772,-21.9046647644043,17
40.1336395674763,-2.5114183396281895,-21.9046647644043,17
40.1336395674763,2.5114183396281895,-21.9046647644043,17
40.13363965239074,10.638538768629772,-21.9046647644043,17
42.49539373408496,6.817140369308594,-20.445020446777345,18
28.86751365661621,28.86751365661621,-20.445020446777345,18
25.65040749040838,34.072900700247246,-20.445020446777345,18
15.23963340314631,34.072900700247246,-20.445020446777345,18
-25.65040749040838,34.072900700247246,-20.445020446777345,18
-28.86751365661621,28.86751365661621,-20.445020446777345,18
-32.084619781275805,23.662126571436943,-20.445020446777345,18
-42.49539373408496,6.817140369308593,-20.445020446777345,18
-42.49539367967207,-1.6093085450593705,-20.445020446777345,18
-42.49539373408496,-6.817140369308593,-20.445020446777345,18
-32.084619781275805,-23.662126571436943,-20.445020446777345,18
-28.86751365661621,-28.86751365661621,-20.445020446777345,18
-25.65040749040838,-34.072900700247246,-20.445020446777345,18
15.23963340314631,-34.072900700247246,-20.445020446777345,18
25.65040749040838,-34.072900700247246,-20.445020446777345,18
32.084619781275805,-23.662126571436943,-20.445020446777345,18
42.49539373408496,-6.817140369308593,-20.445020446777345,18
42.49539367967207,-1.6093085450593705,-20.445020446777345,18
42.49539367967207,1.6093085450593705,-20.445020446777345,18
42.49539373408496,6.817140369308593,-20.445020446777345,18
44.857147815779186,2.9957419699874164,-18.985376129150392,19
28.86751365661621,28.86751365661621,-18.985376129150392,19
25.092872967350242,34.97501049481606,-18.985376129150392,19
12.87787929095054,34.97501049481606,-18.985376129150392,19
-25.092872967350242,34.97501049481606,-18.985376129150392,19
-28.86751365661621,28.86751365661621,-18.985376129150392,19
-32.6421542971335,22.760016769667686,-18.985376129150392,19
-44.857147815779186,2.9957419699874173,-18.985376129150392,19
-44.857147791867845,-0.7071987504905515,-18.985376129150392,19
-44.857147815779186,-2.9957419699874173,-18.985376129150392,19
-32.6421542971335,-22.760016769667686,-18.985376129150392,19
-28.86751365661621,-28.86751365661621,-18.985376129150392,19
-25.092872967350242,-34.97501049481606,-18.985376129150392,19
12.87787929095054,-34.97501049481606,-18.985376129150392,19
25.092872967350242,-34.97501049481606,-18.985376129150392,19
32.6421542971335,-22.760016769667686,-18.985376129150392,19
44.857147815779186,-2.9957419699874173,-18.985376129150392,19
44.857147791867845,-0.7071987504905515,-18.985376129150392,19
44.857147791867845,0.7071987504905515,-18.985376129150392,19
44.857147815779186,2.9957419699874173,-18.985376129150392,19
46.7086181640625,0,-17.525731811523443,20
46.588156513773654,0.19491104563400163,-17.52573181152344,20
28.86751365661621,28.86751365661621,-17.52573181152344,20
24.53533844429211,35.877120289384884,-17.52573181152344,20
10.51612517875477,35.877120289384884,-17.52573181152344,20
-24.53533844429211,35.877120289384884,-17.52573181152344,20
-28.86751365661621,28.86751365661621,-17.52573181152344,20
-33.1996888129912,21.85790696789843,-17.52573181152344,20
-46.7086181640625,0,-17.52573181152344,20
-33.1996888129912,-21.85790696789843,-17.52573181152344,20
-28.86751365661621,-28.86751365661621,-17.52573181152344,20
-24.53533844429211,-35.877120289384884,-17.52573181152344,20
10.51612517875477,-35.877120289384884,-17.52573181152344,20
24.53533844429211,-35.877120289384884,-17.52573181152344,20
33.1996888129912,-21.85790696789843,-17.52573181152344,20
46.7086181640625,0,-17.52573181152344,20
46.7086181640625,0,-16.06608749389649,21
46.03062199791596,1.0970208474032583,-16.066087493896486,21
28.86751365661621,28.86751365661621,-16.066087493896486,21
23.977803921233974,36.7792300839537,-16.066087493896486,21
8.154371066558998,36.7792300839537,-16.066087493896486,21
-23.977803921233974,36.7792300839537,-16.066087493896486,21
-28.86751365661621,28.86751365661621,-16.066087493896486,21
-33.757223328848895,20.955797166129173,-16.066087493896486,21
-46.7086181640625,0,-16.066087493896486,21
-33.757223328848895,-20.955797166129173,-16.066087493896486,21
-28.86751365661621,-28.86751365661621,-16.066087493896486,21
-23.977803921233974,-36.7792300839537,-16.066087493896486,21
8.154371066558998,-36.7792300839537,-16.066087493896486,21
23.977803921233974,-36.7792300839537,-16.066087493896486,21
33.757223328848895,-20.955797166129173,-16.066087493896486,21
46.7086181640625,0,-16.066087493896486,21
46.7086181640625,0,-14.60644317626953,22
45.47308748205826,1.9991306491725158,-14.606443176269531,22
28.86751365661621,28.86751365661621,-14.606443176269531,22
23.420269398175837,37.68133987852252,-14.606443176269531,22
5.792616954363222,37.68133987852252,-14.606443176269531,22
-23.420269398175837,37.68133987852252,-14.606443176269531,22
-28.86751365661621,28.86751365661621,-14.606443176269531,22
-34.31475784470659,20.053687364359917,-14.606443176269531,22
-46.7086181640625,0,-14.606443176269531,22
-34.31475784470659,-20.053687364359917,-14.606443176269531,22
-28.86751365661621,-28.86751365661621,-14.606443176269531,22
-23.420269398175837,-37.68133987852252,-14.606443176269531,22
5.792616954363222,-37.68133987852252,-14.606443176269531,22
23.420269398175837,-37.68133987852252,-14.606443176269531,22
34.31475784470659,-20.053687364359917,-14.606443176269531,22
46.7086181640625,0,-14.606443176269531,22
46.7086181640625,0,-13.146798858642576,23
44.915552966200565,2.9012404509417724,-13.146798858642578,23
28.86751365661621,28.86751365661621,-13.14679885864258,23
22.862734875117702,38.58344967309134,-13.14679885864258,23
3.4308628421674534,38.58344967309134,-13.14679885864258,23
-22.862734875117702,38.58344967309134,-13.14679885864258,23
-28.86751365661621,28.86751365661621,-13.14679885864258,23
-34.87229236056429,19.15157756259066,-13.146798858642578,23
-46.7086181640625,0,-13.146798858642578,23
-34.87229236056429,-19.15157756259066,-13.146798858642578,23
-28.86751365661621,-28.86751365661621,-13.14679885864258,23
-22.862734875117702,-38.58344967309134,-13.14679885864258,23
3.4308628421674534,-38.58344967309134,-13.14679885864258,23
22.862734875117702,-38.58344967309134,-13.14679885864258,23
34.87229236056429,-19.15157756259066,-13.146798858642578,23
46.7086181640625,0,-13.146798858642578,23
46.7086181640625,0,-11.687154541015623,24
44.35801845034287,3.8033502527110294,-11.687154541015623,24
28.86751365661621,28.86751365661621,-11.687154541015623,24
22.305200352059565,39.48555946766015,-11.687154541015623,24
1.0691087299716777,39.48555946766015,-11.687154541015623,24
-22.305200352059565,39.48555946766015,-11.687154541015623,24
-28.86751365661621,28.86751365661621,-11.687154541015623,24
-35.42982687642199,18.2494677608214,-11.687154541015623,24
-46.7086181640625,0,-11.687154541015625,24
-35.42982687642199,-18.2494677608214,-11.687154541015623,24
-28.86751365661621,-28.86751365661621,-11.687154541015623,24
-22.305200352059565,-39.48555946766015,-11.687154541015623,24
1.0691087299716777,-39.48555946766015,-11.687154541015623,24
22.305200352059565,-39.48555946766015,-11.687154541015623,24
35.42982687642199,-18.2494677608214,-11.687154541015623,24
46.7086181640625,0,-11.687154541015625,24
46.7086181640625,0,-10.22751022338867,25
43.80048393448517,4.705460054480286,-10.22751022338867,25
28.86751365661621,28.86751365661621,-10.22751022338867,25
21.74766582900143,40.387669262228975,-10.22751022338867,25
-1.2926453822240909,40.387669262228975,-10.22751022338867,25
-21.74766582900143,40.387669262228975,-10.22751022338867,25
-28.86751365661621,28.86751365661621,-10.22751022338867,25
-35.98736139227969,17.347357959052143,-10.22751022338867,25
-46.7086181640625,0,-10.227510223388672,25
-35.98736139227969,-17.347357959052143,-10.22751022338867,25
-28.86751365661621,-28.86751365661621,-10.22751022338867,25
-21.74766582900143,-40.387669262228975,-10.22751022338867,25
-1.2926453822240909,-40.387669262228975,-10.22751022338867,25
21.74766582900143,-40.387669262228975,-10.22751022338867,25
35.98736139227969,-17.347357959052143,-10.22751022338867,25
46.7086181640625,0,-10.227510223388672,25
46.7086181640625,0,-8.767865905761717,26
43.242949418627475,5.607569856249542,-8.767865905761719,26
28.86751365661621,28.86751365661621,-8.767865905761717,26
21.190131305943297,41.28977905679779,-8.767865905761717,26
-3.654399494419863,41.28977905679779,-8.767865905761717,26
-21.190131305943297,41.28977905679779,-8.767865905761717,26
-28.86751365661621,28.86751365661621,-8.767865905761717,26
-36.544895908137384,16.445248157282887,-8.767865905761717,26
-46.7086181640625,0,-8.767865905761719,26
-36.544895908137384,-16.445248157282887,-8.767865905761717,26
-28.86751365661621,-28.86751365661621,-8.767865905761717,26
-21.190131305943297,-41.28977905679779,-8.767865905761717,26
-3.654399494419863,-41.28977905679779,-8.767865905761717,26
21.190131305943297,-41.28977905679779,-8.767865905761717,26
36.544895908137384,-16.445248157282887,-8.767865905761717,26
46.7086181640625,0,-8.767865905761719,26
46.7086181640625,0,-7.308221588134764,27
42.68541490276978,6.509679658018799,-7.308221588134765,27
28.86751365661621,28.86751365661621,-7.308221588134764,27
20.63259678288516,42.191888851366606,-7.308221588134764,27
-6.016153606615632,42.191888851366606,-7.308221588134764,27
-20.63259678288516,42.191888851366606,-7.308221588134764,27
-28.86751365661621,28.86751365661621,-7.308221588134764,27
-37.102430423995074,15.54313835551363,-7.308221588134764,27
-46.7086181640625,0,-7.308221588134765,27
-37.102430423995074,-15.54313835551363,-7.308221588134764,27
-28.86751365661621,-28.86751365661621,-7.308221588134764,27
-20.63259678288516,-42.191888851366606,-7.308221588134764,27
-6.016153606615632,-42.191888851366606,-7.308221588134764,27
20.63259678288516,-42.191888851366606,-7.308221588134764,27
37.102430423995074,-15.54313835551363,-7.308221588134764,27
46.7086181640625,0,-7.308221588134765,27
46.7086181640625,0,-5.8485772705078105,28
42.12788038691208,7.411789459788055,-5.848577270507812,28
28.86751365661621,28.86751365661621,-5.8485772705078105,28
20.075062259827025,43.09399864593543,-5.8485772705078105,28
-8.377907718811407,43.09399864593543,-5.8485772705078105,28
-20.075062259827025,43.09399864593543,-5.8485772705078105,28
-28.86751365661621,28.86751365661621,-5.8485772705078105,28
-37.65996493985277,14.641028553744373,-5.8485772705078105,28
-46.7086181640625,0,-5.848577270507812,28
-37.65996493985277,-14.641028553744373,-5.8485772705078105,28
-28.86751365661621,-28.86751365661621,-5.8485772705078105,28
-20.075062259827025,-43.09399864593543,-5.8485772705078105,28
-8.377907718811407,-43.09399864593543,-5.8485772705078105,28
20.075062259827025,-43.09399864593543,-5.8485772705078105,28
37.65996493985277,-14.641028553744373,-5.8485772705078105,28
46.7086181640625,0,-5.848577270507812,28
46.7086181640625,0,-4.388932952880857,29
41.570345871054386,8.313899261557312,-4.388932952880859,29
28.86751365661621,28.86751365661621,-4.388932952880857,29
19.51752773676889,43.996108440504244,-4.388932952880857,29
-10.739661831007176,43.996108440504244,-4.388932952880857,29
-19.51752773676889,43.996108440504244,-4.388932952880857,29
-28.86751365661621,28.86751365661621,-4.388932952880857,29
-38.21749945571047,13.738918751975119,-4.388932952880857,29
-46.7086181640625,0,-4.388932952880859,29
-38.21749945571047,-13.738918751975119,-4.388932952880857,29
-28.86751365661621,-28.86751365661621,-4.388932952880857,29
-19.51752773676889,-43.996108440504244,-4.388932952880857,29
-10.739661831007176,-43.996108440504244,-4.388932952880857,29
19.51752773676889,-43.996108440504244,-4.388932952880857,29
38.21749945571047,-13.738918751975119,-4.388932952880857,29
46.7086181640625,0,-4.388932952880859,29
46.7086181640625,0,-2.9292886352539043,30
41.01281135519669,9.216009063326569,-2.929288635253906,30
28.86751365661621,28.86751365661621,-2.9292886352539043,30
18.959993213710753,44.89821823507306,-2.9292886352539043,30
-13.101415943202952,44.89821823507306,-2.9292886352539043,30
-18.959993213710753,44.89821823507306,-2.9292886352539043,30
-28.86751365661621,28.86751365661621,-2.9292886352539043,30
-38.77503397156816,12.83680895020586,-2.9292886352539043,30
-46.7086181640625,0,-2.929288635253906,30
-38.77503397156816,-12.83680895020586,-2.9292886352539043,30
-28.86751365661621,-28.86751365661621,-2.9292886352539043,30
-18.959993213710753,-44.89821823507306,-2.9292886352539043,30
-13.101415943202952,-44.89821823507306,-2.9292886352539043,30
18.959993213710753,-44.89821823507306,-2.9292886352539043,30
38.77503397156816,-12.83680895020586,-2.9292886352539043,30
46.7086181640625,0,-2.929288635253906,30
46.7086181640625,0,-1.4696443176269547,31
40.45527683933899,10.118118865095825,-1.4696443176269547,31
28.86751365661621,28.86751365661621,-1.4696443176269547,31
18.402458690652622,45.800328029641875,-1.4696443176269547,31
-15.463170055398713,45.800328029641875,-1.4696443176269547,31
-18.402458690652622,45.800328029641875,-1.4696443176269547,31
-28.86751365661621,28.86751365661621,-1.4696443176269547,31
-39.33256848742586,11.934699148436604,-1.4696443176269511,31
-46.7086181640625,0,-1.4696443176269547,31
-39.33256848742586,-11.934699148436604,-1.4696443176269511,31
-28.86751365661621,-28.86751365661621,-1.4696443176269547,31
-18.402458690652622,-45.800328029641875,-1.4696443176269547,31
-15.463170055398713,-45.800328029641875,-1.4696443176269547,31
18.402458690652622,-45.800328029641875,-1.4696443176269547,31
39.33256848742586,-11.934699148436604,-1.4696443176269511,31
46.7086181640625,0,-1.4696443176269547,31
46.7086181640625,0,-0.010000000000001563,32
39.897742323481296,11.020228666865082,-0.010000000000001563,32
28.86751365661621,28.86751365661621,-0.010000000000001563,32
17.844924167594485,46.7024378242107,-0.010000000000001563,32
-17.82492416759449,46.7024378242107,-0.010000000000001563,32
-17.844924167594485,46.7024378242107,-0.010000000000001563,32
-28.86751365661621,28.86751365661621,-0.010000000000001563,32
-39.890103003283556,11.032589346667347,-0.00999999999999801,32
-46.7086181640625,0,-0.010000000000001563,32
-39.890103003283556,-11.032589346667347,-0.00999999999999801,32
-28.86751365661621,-28.86751365661621,-0.010000000000001563,32
-17.844924167594485,-46.7024378242107,-0.010000000000001563,32
-17.82492416759449,-46.7024378242107,-0.010000000000001563,32
17.844924167594485,-46.7024378242107,-0.010000000000001563,32
39.890103003283556,-11.032589346667347,-0.00999999999999801,32
46.7086181640625,0,-0.010000000000001563,32
18.394819370356227,45.81268870934549,1.4496443176269516,33
15.49553073510232,45.81268870934549,1.4496443176269531,33
-18.394819370356227,45.81268870934549,1.4496443176269531,33
-28.86751365661621,28.86751365661621,1.4496443176269516,33
-40.44763751914125,10.13047954489809,1.4496443176269551,33
-46.7086181640625,0,1.4496443176269516,33
-40.44763751914125,-10.13047954489809,1.4496443176269551,33
-28.86751365661621,-28.86751365661621,1.4496443176269516,33
-18.394819370356227,-45.81268870934549,1.4496443176269531,33
15.49553073510232,-45.81268870934549,1.4496443176269531,33
18.394819370356227,-45.81268870934549,1.4496443176269531,33
20.186678298512103,-42.913400055369735,1.4496443176269531,33
40.44763751914125,-10.13047954489809,1.4496443176269551,33
46.7086181640625,0,1.4496443176269516,33
39.3402078076236,11.922338468634338,1.4496443176269516,33
28.86751365661621,28.86751365661621,1.4496443176269516,33
18.394819370356227,45.81268870934549,1.4496443176269531,33
18.95235389341436,44.910578914776664,2.9092886352539082,34
13.13377662290655,44.910578914776664,2.9092886352539065,34
-18.95235389341436,44.910578914776664,2.9092886352539065,34
-28.86751365661621,28.86751365661621,2.9092886352539047,34
-41.00517203499895,9.228369743128834,2.9092886352539082,34
-46.7086181640625,0,2.9092886352539082,34
-41.00517203499895,-9.228369743128834,2.9092886352539082,34
-28.86751365661621,-28.86751365661621,2.9092886352539047,34
-18.95235389341436,-44.910578914776664,2.9092886352539065,34
13.13377662290655,-44.910578914776664,2.9092886352539065,34
18.95235389341436,-44.910578914776664,2.9092886352539065,34
22.548432429558865,-39.092001606696016,2.9092886352539065,34
41.00517203499895,-9.228369743128834,2.9092886352539082,34
46.7086181640625,0,2.9092886352539082,34
38.782673291765896,12.824448270403597,2.9092886352539082,34
28.86751365661621,28.86751365661621,2.9092886352539047,34
18.95235389341436,44.910578914776664,2.9092886352539065,34
19.5098884164725,44.00846912020785,4.368932952880861,35
10.77202251071078,44.00846912020785,4.36893295288086,35
-19.5098884164725,44.00846912020785,4.36893295288086,35
-28.86751365661621,28.86751365661621,4.368932952880861,35
-41.562706550856646,8.326259941359577,4.368932952880861,35
-46.7086181640625,0,4.368932952880861,35
-41.562706550856646,-8.326259941359577,4.368932952880861,35
-28.86751365661621,-28.86751365661621,4.368932952880861,35
-19.5098884164725,-44.00846912020785,4.36893295288086,35
10.77202251071078,-44.00846912020785,4.36893295288086,35
19.5098884164725,-44.00846912020785,4.36893295288086,35
24.91018656060563,-35.2706031580223,4.36893295288086,35
41.562706550856646,-8.326259941359577,4.368932952880861,35
46.7086181640625,0,4.368932952880861,35
38.225138775908206,13.726558072172853,4.368932952880861,35
28.86751365661621,28.86751365661621,4.368932952880861,35
19.5098884164725,44.00846912020785,4.36893295288086,35
20.067422939530637,43.10635932563903,5.8285772705078145,36
8.410268398515008,43.10635932563903,5.828577270507813,36
-20.067422939530633,43.10635932563903,5.828577270507813,36
-28.86751365661621,28.86751365661621,5.8285772705078145,36
-42.12024106671434,7.424150139590321,5.8285772705078145,36
-46.7086181640625,0,5.828577270507818,36
-42.12024106671434,-7.424150139590321,5.8285772705078145,36
-28.86751365661621,-28.86751365661621,5.8285772705078145,36
-20.067422939530633,-43.10635932563903,5.828577270507813,36
8.410268398515008,-43.10635932563903,5.828577270507813,36
20.067422939530633,-43.10635932563903,5.828577270507813,36
27.271940691652397,-31.44920470934858,5.828577270507813,36
42.12024106671434,-7.424150139590321,5.8285772705078145,36
46.7086181640625,0,5.828577270507818,36
37.66760426005051,14.628667873942108,5.828577270507811,36
28.86751365661621,28.86751365661621,5.8285772705078145,36
20.067422939530633,43.10635932563903,5.828577270507813,36
20.624957462588767,42.20424953107021,7.288221588134768,37
6.048514286319236,42.20424953107021,7.288221588134766,37
-20.624957462588767,42.20424953107021,7.288221588134766,37
-28.86751365661621,28.86751365661621,7.288221588134768,37
-42.67777558257204,6.522040337821064,7.288221588134768,37
-46.7086181640625,0,7.288221588134764,37
-42.67777558257204,-6.522040337821064,7.288221588134768,37
-28.86751365661621,-28.86751365661621,7.288221588134768,37
-20.624957462588767,-42.20424953107021,7.288221588134766,37
6.048514286319236,-42.20424953107021,7.288221588134766,37
20.624957462588767,-42.20424953107021,7.288221588134766,37
29.63369482269916,-27.627806260674863,7.288221588134766,37
42.67777558257204,-6.522040337821064,7.288221588134768,37
46.7086181640625,0,7.288221588134764,37
37.11006974419281,15.530777675711365,7.288221588134764,37
28.86751365661621,28.86751365661621,7.288221588134768,37
20.624957462588767,42.20424953107021,7.288221588134766,37
21.182491985646905,41.302139736501395,8.74786590576172,38
3.6867601741234655,41.302139736501395,8.747865905761719,38
-21.182491985646905,41.302139736501395,8.747865905761719,38
-28.86751365661621,28.86751365661621,8.74786590576172,38
-43.235310098429736,5.6199305360518075,8.74786590576172,38
-46.7086181640625,0,8.747865905761717,38
-43.235310098429736,-5.6199305360518075,8.74786590576172,38
-28.86751365661621,-28.86751365661621,8.74786590576172,38
-21.182491985646905,-41.302139736501395,8.747865905761719,38
3.6867601741234655,-41.302139736501395,8.747865905761719,38
21.182491985646905,-41.302139736501395,8.747865905761719,38
31.995448953745925,-23.806407812001147,8.747865905761719,38
43.235310098429736,-5.6199305360518075,8.74786590576172,38
46.7086181640625,0,8.747865905761717,38
36.55253522833512,16.43288747748062,8.747865905761717,38
28.86751365661621,28.86751365661621,8.74786590576172,38
21.182491985646905,41.302139736501395,8.747865905761719,38
21.74002650870504,40.40002994193258,10.207510223388674,39
1.325006061927695,40.40002994193258,10.207510223388672,39
-21.74002650870504,40.40002994193258,10.207510223388672,39
-28.86751365661621,28.86751365661621,10.207510223388674,39
-43.79284461428743,4.717820734282551,10.207510223388674,39
-46.7086181640625,0,10.207510223388674,39
-43.79284461428743,-4.717820734282551,10.207510223388674,39
-28.86751365661621,-28.86751365661621,10.207510223388674,39
-21.74002650870504,-40.40002994193258,10.207510223388672,39
1.325006061927695,-40.40002994193258,10.207510223388672,39
21.74002650870504,-40.40002994193258,10.207510223388672,39
34.35720308479269,-19.98500936332743,10.207510223388672,39
43.79284461428743,-4.717820734282551,10.207510223388674,39
46.7086181640625,0,10.207510223388674,39
35.99500071247742,17.334997279249876,10.20751022338867,39
28.86751365661621,28.86751365661621,10.207510223388674,39
21.74002650870504,40.40002994193258,10.207510223388672,39
22.297561031763173,39.49792014736376,11.667154541015627,40
-1.036748050268077,39.49792014736376,11.667154541015625,40
-22.297561031763173,39.49792014736376,11.667154541015625,40
-28.86751365661621,28.86751365661621,11.667154541015627,40
-44.35037913014513,3.8157109325132943,11.667154541015627,40
-46.7086181640625,0,11.667154541015627,40
-44.35037913014513,-3.8157109325132943,11.667154541015627,40
-28.86751365661621,-28.86751365661621,11.667154541015627,40
-22.297561031763173,-39.49792014736376,11.667154541015625,40
-1.036748050268077,-39.49792014736376,11.667154541015625,40
22.297561031763173,-39.49792014736376,11.667154541015625,40
36.71895721583945,-16.16361091465371,11.667154541015625,40
44.35037913014513,-3.8157109325132943,11.667154541015627,40
46.7086181640625,0,11.667154541015627,40
35.437466196619724,18.237107081019133,11.667154541015623,40
28.86751365661621,28.86751365661621,11.667154541015627,40
22.297561031763173,39.49792014736376,11.667154541015625,40
22.85509555482131,38.59581035279494,13.126798858642578,41
-3.398502162463849,38.59581035279494,13.126798858642578,41
-22.85509555482131,38.59581035279494,13.126798858642578,41
-28.86751365661621,28.86751365661621,13.12679885864258,41
-44.907913646002825,2.9136011307440377,13.12679885864258,41
-46.7086181640625,0,13.12679885864258,41
-44.907913646002825,-2.9136011307440377,13.12679885864258,41
-28.86751365661621,-28.86751365661621,13.12679885864258,41
-22.85509555482131,-38.59581035279494,13.126798858642578,41
-3.398502162463849,-38.59581035279494,13.126798858642578,41
22.85509555482131,-38.59581035279494,13.126798858642578,41
39.08071134688622,-12.34221246597999,13.126798858642578,41
44.907913646002825,-2.9136011307440377,13.12679885864258,41
46.7086181640625,0,13.12679885864258,41
34.87993168076203,19.13921688278839,13.126798858642577,41
28.86751365661621,28.86751365661621,13.12679885864258,41
22.85509555482131,38.59581035279494,13.126798858642578,41
23.412630077879445,37.693700558226126,14.586443176269531,42
-5.760256274659618,37.693700558226126,14.586443176269531,42
-23.412630077879445,37.693700558226126,14.586443176269531,42
-28.86751365661621,28.86751365661621,14.586443176269533,42
-45.46544816186052,2.011491328974781,14.586443176269533,42
-46.7086181640625,0,14.586443176269533,42
-45.46544816186052,-2.011491328974781,14.586443176269533,42
-28.86751365661621,-28.86751365661621,14.586443176269533,42
-23.412630077879445,-37.693700558226126,14.586443176269531,42
-5.760256274659618,-37.693700558226126,14.586443176269531,42
23.412630077879445,-37.693700558226126,14.586443176269531,42
41.442465477932984,-8.520814017306272,14.586443176269531,42
45.46544816186052,-2.011491328974781,14.586443176269533,42
46.7086181640625,0,14.586443176269533,42
34.32239716490433,20.041326684557646,14.586443176269533,42
28.86751365661621,28.86751365661621,14.586443176269533,42
23.412630077879445,37.693700558226126,14.586443176269531,42
23.97016460093758,36.791590763657304,16.046087493896483,43
-8.122010386855386,36.79159076365731,16.046087493896483,43
-23.97016460093758,36.79159076365731,16.046087493896483,43
-28.86751365661621,28.86751365661621,16.04608749389648,43
-46.02298267771822,1.109381527205528,16.04608749389648,43
-46.7086181640625,0,16.04608749389648,43
-46.02298267771822,-1.109381527205528,16.04608749389648,43
-28.86751365661621,-28.86751365661621,16.04608749389648,43
-23.97016460093758,-36.79159076365731,16.046087493896483,43
-8.122010386855386,-36.79159076365731,16.046087493896483,43
23.97016460093758,-36.79159076365731,16.046087493896483,43
43.80421960897974,-4.69941556863256,16.046087493896483,43
46.02298267771822,-1.109381527205528,16.04608749389648,43
46.7086181640625,0,16.04608749389648,43
33.764862649046634,20.9434364863269,16.04608749389648,43
28.86751365661621,28.86751365661621,16.04608749389648,43
23.97016460093758,36.79159076365731,16.046087493896483,43
24.527699123995713,35.88948096908849,17.505731811523436,44
-10.483764499051155,35.88948096908849,17.505731811523436,44
-24.527699123995713,35.88948096908849,17.505731811523436,44
-28.86751365661621,28.86751365661621,17.505731811523432,44
-46.580517193575915,0.20727172543627148,17.505731811523432,44
-46.7086181640625,0,17.505731811523432,44
-46.580517193575915,-0.20727172543627148,17.505731811523432,44
-28.86751365661621,-28.86751365661621,17.505731811523432,44
-24.527699123995713,-35.88948096908849,17.505731811523436,44
-10.483764499051155,-35.88948096908849,17.505731811523436,44
24.527699123995713,-35.88948096908849,17.505731811523436,44
46.16597374002651,-0.878017119958848,17.505731811523436,44
46.580517193575915,-0.20727172543627148,17.505731811523432,44
46.7086181640625,0,17.505731811523432,44
33.20732813318894,21.845546288096156,17.505731811523432,44
28.86751365661621,28.86751365661621,17.505731811523432,44
24.527699123995713,35.88948096908849,17.505731811523436,44
25.085233647053848,34.98737117451967,18.96537612915039,45
-12.845518611246927,34.98737117451967,18.96537612915039,45
-25.085233647053848,34.98737117451967,18.96537612915039,45
-28.86751365661621,28.86751365661621,18.965376129150386,45
-44.88950849506487,2.943381290701733,18.96537612915039,45
-44.88950847157145,0.694838070786944,18.96537612915039,45
-44.88950847157145,-0.694838070786944,18.96537612915039,45
-44.88950849506487,-2.943381290701733,18.96537612915039,45
-28.86751365661621,-28.86751365661621,18.965376129150386,45
-25.085233647053848,-34.98737117451967,18.96537612915039,45
-12.845518611246927,-34.98737117451967,18.96537612915039,45
25.085233647053848,-34.98737117451967,18.96537612915039,45
44.88950849506487,-2.943381290701733,18.96537612915039,45
44.88950847157145,0.694838070786944,18.96537612915039,45
44.88950849506487,2.943381290701733,18.96537612915039,45
32.64979361733124,22.747656089865412,18.965376129150386,45
28.86751365661621,28.86751365661621,18.965376129150386,45
25.085233647053848,34.98737117451967,18.96537612915039,45
25.642768170111985,34.08526137995085,20.425020446777342,46
-15.2072727234427,34.08526137995085,20.425020446777342,46
-25.642768170111985,34.08526137995085,20.425020446777342,46
-28.86751365661621,28.86751365661621,20.42502044677734,46
-42.527754413370644,6.76477969002291,20.425020446777342,46
-42.527754359375685,1.5969478653557618,20.425020446777342,46
-42.527754359375685,-1.5969478653557618,20.425020446777342,46
-42.527754413370644,-6.76477969002291,20.425020446777342,46
-28.86751365661621,-28.86751365661621,20.42502044677734,46
-25.642768170111985,-34.08526137995085,20.425020446777342,46
-15.2072727234427,-34.08526137995085,20.425020446777342,46
25.642768170111985,-34.08526137995085,20.425020446777342,46
42.527754413370644,-6.76477969002291,20.425020446777342,46
42.527754359375685,1.5969478653557618,20.425020446777342,46
42.527754413370644,6.76477969002291,20.425020446777342,46
32.092259101473545,23.64976589163467,20.42502044677734,46
28.86751365661621,28.86751365661621,20.42502044677734,46
25.642768170111985,34.08526137995085,20.425020446777342,46
26.20030269317012,33.183151585382035,21.884664764404295,47
-17.569026835638468,33.183151585382035,21.884664764404295,47
-26.20030269317012,33.183151585382035,21.884664764404295,47
-28.86751365661621,28.86751365661621,21.88466476440429,47
-40.16600033167642,10.586178089344086,21.884664764404295,47
-40.166000247179916,2.49905765992458,21.884664764404295,47
-40.166000247179916,-2.49905765992458,21.884664764404295,47
-40.16600033167642,-10.586178089344086,21.884664764404295,47
-28.86751365661621,-28.86751365661621,21.88466476440429,47
-26.20030269317012,-33.183151585382035,21.884664764404295,47
-17.569026835638468,-33.183151585382035,21.884664764404295,47
26.20030269317012,-33.183151585382035,21.884664764404295,47
40.16600033167642,-10.586178089344086,21.884664764404295,47
40.166000247179916,2.49905765992458,21.884664764404295,47
40.16600033167642,10.586178089344086,21.884664764404295,47
31.534724585615848,24.551875693403925,21.88466476440429,47
28.86751365661621,28.86751365661621,21.88466476440429,47
26.20030269317012,33.183151585382035,21.884664764404295,47
26.757837216228253,32.28104179081322,23.34430908203125,48
-19.930780947834243,32.28104179081322,23.34430908203125,48
-26.757837216228253,32.28104179081322,23.34430908203125,48
-28.86751365661621,28.86751365661621,23.344309082031245,48
-37.8042462499822,14.407576488665264,23.34430908203125,48
-37.80424613498414,3.401167454493398,23.34430908203125,48
-37.80424613498414,-3.401167454493398,23.34430908203125,48
-37.8042462499822,-14.407576488665264,23.34430908203125,48
-28.86751365661621,-28.86751365661621,23.344309082031245,48
-26.757837216228253,-32.28104179081322,23.34430908203125,48
-19.930780947834243,-32.28104179081322,23.34430908203125,48
26.757837216228253,-32.28104179081322,23.34430908203125,48
37.8042462499822,-14.407576488665264,23.34430908203125,48
37.80424613498414,3.401167454493398,23.34430908203125,48
37.8042462499822,14.407576488665264,23.34430908203125,48
30.97719006975815,25.453985495173182,23.344309082031245,48
28.86751365661621,28.86751365661621,23.344309082031245,48
26.757837216228253,32.28104179081322,23.34430908203125,48
27.31537173928639,31.3789319962444,24.8039533996582,49
-22.292535060030012,31.3789319962444,24.8039533996582,49
-27.31537173928639,31.3789319962444,24.8039533996582,49
-28.86751365661621,28.86751365661621,24.803953399658198,49
-35.44249216828797,18.22897488798644,24.8039533996582,49
-35.44249202278837,4.303277249062216,24.8039533996582,49
-35.44249202278837,-4.303277249062216,24.8039533996582,49
-35.44249216828797,-18.22897488798644,24.8039533996582,49
-28.86751365661621,-28.86751365661621,24.803953399658198,49
-27.31537173928639,-31.3789319962444,24.8039533996582,49
-22.292535060030012,-31.3789319962444,24.8039533996582,49
27.31537173928639,-31.3789319962444,24.8039533996582,49
35.44249216828797,-18.22897488798644,24.8039533996582,49
35.44249202278837,4.303277249062216,24.8039533996582,49
35.44249216828797,18.22897488798644,24.8039533996582,49
30.419655553900455,26.35609529694244,24.803953399658198,49
28.86751365661621,28.86751365661621,24.803953399658198,49
27.31537173928639,31.3789319962444,24.8039533996582,49
27.872906262344525,30.47682220167558,26.263597717285155,50
-24.65428917222578,30.47682220167558,26.263597717285155,50
-27.872906262344525,30.47682220167558,26.263597717285155,50
-28.86751365661621,28.86751365661621,26.26359771728515,50
-33.08073808659375,22.050373287307618,26.263597717285155,50
-33.0807379105926,5.205387043631034,26.263597717285155,50
-33.0807379105926,-5.205387043631034,26.263597717285155,50
-33.08073808659375,-22.050373287307618,26.263597717285155,50
-28.86751365661621,-28.86751365661621,26.26359771728515,50
-27.872906262344525,-30.47682220167558,26.263597717285155,50
-24.65428917222578,-30.47682220167558,26.263597717285155,50
27.872906262344525,-30.47682220167558,26.263597717285155,50
33.08073808659375,-22.050373287307618,26.263597717285155,50
33.0807379105926,5.205387043631034,26.263597717285155,50
33.08073808659375,22.050373287307618,26.263597717285155,50
29.86212103804276,27.258205098711695,26.26359771728515,50
28.86751365661621,28.86751365661621,26.26359771728515,50
27.872906262344525,30.47682220167558,26.263597717285155,50
28.43044078540266,29.574712407106762,27.723242034912108,51
-27.016043284421556,29.574712407106762,27.723242034912108,51
-28.43044078540266,29.574712407106762,27.723242034912108,51
-28.86751365661621,28.86751365661621,27.723242034912104,51
-30.718984004899525,25.871771686628794,27.723242034912108,51
-30.718983798396827,6.107496838199852,27.723242034912108,51
-30.718983798396827,-6.107496838199852,27.723242034912108,51
-30.718984004899525,-25.871771686628794,27.723242034912108,51
-28.86751365661621,-28.86751365661621,27.723242034912104,51
-28.43044078540266,-29.574712407106762,27.723242034912108,51
-27.016043284421556,-29.574712407106762,27.723242034912108,51
28.43044078540266,-29.574712407106762,27.723242034912108,51
30.718984004899525,-25.871771686628794,27.723242034912108,51
30.718983798396827,6.107496838199852,27.723242034912108,51
30.718984004899525,25.871771686628794,27.723242034912108,51
29.304586522185062,28.16031490048095,27.723242034912104,51
28.86751365661621,28.86751365661621,27.723242034912104,51
28.43044078540266,29.574712407106762,27.723242034912108,51
28.357229912542124,28.672602608464974,29.18288635253906,52
-28.357229912542124,28.672602608464974,29.18288635253906,52
-28.35722968620106,7.00960663276867,29.18288635253906,52
-28.35722968620106,-7.00960663276867,29.18288635253906,52
-28.357229912542124,-28.672602608464974,29.18288635253906,52
28.357229912542124,-28.672602608464974,29.18288635253906,52
28.357229912542124,-28.041857216619274,29.18288635253906,52
28.35722968620106,7.00960663276867,29.18288635253906,52
28.357229912542124,28.672602608464974,29.18288635253906,52
25.995475781495358,27.770492795045165,30.642530670166014,53
-25.99547578149536,27.770492795045165,30.642530670166014,53
-25.995475574005287,7.911716427337488,30.642530670166014,53
-25.995475574005287,-7.911716427337488,30.642530670166014,53
-25.99547578149536,-27.770492795045165,30.642530670166014,53
25.99547578149536,-27.770492795045165,30.642530670166014,53
25.99547578149536,-24.22045876794556,30.642530670166014,53
25.995475574005287,7.911716427337488,30.642530670166014,53
25.99547578149536,27.770492795045165,30.642530670166014,53
23.633721650448592,26.868382981625352,32.10217498779297,54
-23.633721650448592,26.868382981625352,32.10217498779297,54
-23.63372146180951,8.813826221906307,32.10217498779297,54
-23.63372146180951,-8.813826221906307,32.10217498779297,54
-23.633721650448592,-26.868382981625352,32.10217498779297,54
23.633721650448592,-26.868382981625352,32.10217498779297,54
23.633721650448592,-20.399060319271832,32.10217498779297,54
23.63372146180951,8.813826221906307,32.10217498779297,54
23.633721650448592,26.868382981625352,32.10217498779297,54
21.271967519401827,25.96627316820554,33.561819305419924,55
-21.271967519401827,25.96627316820554,33.561819305419924,55
-21.27196734961374,9.715936016475126,33.561819305419924,55
-21.27196734961374,-9.715936016475126,33.561819305419924,55
-21.271967519401827,-25.96627316820554,33.561819305419924,55
21.271967519401827,-25.96627316820554,33.561819305419924,55
21.271967519401827,-16.577661870598114,33.561819305419924,55
21.27196734961374,9.715936016475126,33.561819305419924,55
21.271967519401827,25.96627316820554,33.561819305419924,55
18.91021338835506,25.064163354785727,35.02146362304688,56
-18.91021338835506,25.064163354785727,35.02146362304688,56
-18.910213237417967,10.618045811043944,35.02146362304688,56
-18.910213237417967,-10.618045811043944,35.02146362304688,56
-18.91021338835506,-25.064163354785727,35.02146362304688,56
18.91021338835506,-25.064163354785727,35.02146362304688,56
18.91021338835506,-12.756263421924398,35.02146362304688,56
18.910213237417967,10.618045811043944,35.02146362304688,56
18.91021338835506,25.064163354785727,35.02146362304688,56
16.5484592573083,24.162053541365918,36.48110794067383,57
-16.5484592573083,24.162053541365918,36.48110794067383,57
-16.548459125222198,11.520155605612763,36.48110794067383,57
-16.548459125222198,-11.520155605612763,36.48110794067383,57
-16.5484592573083,-24.162053541365918,36.48110794067383,57
16.5484592573083,-24.162053541365918,36.48110794067383,57
16.5484592573083,-8.93486497325068,36.48110794067383,57
16.548459125222198,11.520155605612763,36.48110794067383,57
16.5484592573083,24.162053541365918,36.48110794067383,57
14.186705126261533,23.259943727946105,37.94075225830078,58
-14.186705126261533,23.259943727946105,37.94075225830078,58
-14.186705013026426,12.42226540018158,37.94075225830078,58
-14.186705013026426,-12.42226540018158,37.94075225830078,58
-14.186705126261533,-23.259943727946105,37.94075225830078,58
14.186705126261533,-23.259943727946105,37.94075225830078,58
14.186705126261533,-5.11346652457696,37.94075225830078,58
14.186705013026426,12.42226540018158,37.94075225830078,58
14.186705126261533,23.259943727946105,37.94075225830078,58
11.824950995214769,22.357833914526296,39.400396575927736,59
-11.82495099521477,22.357833914526296,39.400396575927736,59
-11.824950900830657,13.324375194750397,39.400396575927736,59
-11.824950900830657,-13.324375194750397,39.400396575927736,59
-11.82495099521477,-22.357833914526296,39.400396575927736,59
11.82495099521477,-22.357833914526296,39.400396575927736,59
11.82495099521477,-1.2920680759032415,39.400396575927736,59
11.824950900830657,13.324375194750397,39.400396575927736,59
11.82495099521477,22.357833914526296,39.400396575927736,59
9.463196864168005,21.455724101106483,40.86004089355469,60
-9.463196864168005,21.455724101106483,40.86004089355469,60
-9.463196788634882,14.226484989319216,40.86004089355469,60
-9.463196788634882,-14.226484989319216,40.86004089355469,60
-9.463196864168005,-21.455724101106483,40.86004089355469,60
9.463196864168005,-21.455724101106483,40.86004089355469,60
9.463196864168005,2.529330372770474,40.86004089355469,60
9.463196788634882,14.226484989319216,40.86004089355469,60
9.463196864168005,21.455724101106483,40.86004089355469,60
7.101442733121241,20.55361428768667,42.31968521118164,61
-7.101442733121239,20.55361428768667,42.31968521118164,61
-7.101442676439113,15.128594783888033,42.31968521118164,61
-7.101442676439113,-15.128594783888033,42.31968521118164,61
-7.101442733121239,-20.55361428768667,42.31968521118164,61
7.101442733121239,-20.55361428768667,42.31968521118164,61
7.101442733121239,6.350728821444193,42.31968521118164,61
7.101442676439113,15.128594783888033,42.31968521118164,61
7.101442733121239,20.55361428768667,42.31968521118164,61
4.739688602074477,19.65150447426686,43.779329528808596,62
-4.739688602074477,19.65150447426686,43.779329528808596,62
-4.7396885642433375,16.030704578456852,43.779329528808596,62
-4.7396885642433375,-16.030704578456852,43.779329528808596,62
-4.739688602074477,-19.65150447426686,43.779329528808596,62
4.739688602074477,-19.65150447426686,43.779329528808596,62
4.739688602074477,10.172127270117912,43.779329528808596,62
4.7396885642433375,16.030704578456852,43.779329528808596,62
4.739688602074477,19.65150447426686,43.779329528808596,62
2.377934471027712,18.74939466084705,45.23897384643555,63
-2.377934471027711,18.74939466084705,45.23897384643555,63
-2.377934452047569,16.93281437302567,45.23897384643555,63
-2.377934452047569,-16.93281437302567,45.23897384643555,63
-2.377934471027711,-18.74939466084705,45.23897384643555,63
2.377934471027711,-18.74939466084705,45.23897384643555,63
2.377934471027711,13.99352571879163,45.23897384643555,63
2.377934452047569,16.93281437302567,45.23897384643555,63
2.377934471027711,18.74939466084705,45.23897384643555,63
0.016180339980947995,17.84728484742724,46.6986181640625,64
-0.016180339980948588,17.84728484742724,46.6986181640625,64
-0.01618033985180034,17.834924167594487,46.6986181640625,64
-0.01618033985180034,-17.834924167594487,46.6986181640625,64
-0.016180339980948588,-17.84728484742724,46.6986181640625,64
0.016180339980948588,-17.84728484742724,46.6986181640625,64
0.016180339980948588,17.814924167465342,46.6986181640625,64
0.01618033985180034,17.834924167594487,46.6986181640625,64
0.016180339980948588,17.84728484742724,46.6986181640625,64
